Honorific,Salutation,Post Nominals,Surname,First Name,Other Name,Preferred Name,Initials,Electorate,State,Political Party,Gender,Telephone,Fax,Electorate Address Line 1,Electorate Address Line 2,Electorate Suburb,Electorate State,Electorate PostCode,Electorate Telephone,Electorate Fax,Electorate TollFree,Electorate Postal Address,Electorate Postal Suburb,Electorate Postal State,Electorate Postal Postcode,Label Address,Label Suburb,Label State,Label Postcode,Parliamentary Title,Ministerial Title
Hon,Mr,MP,Albanese,Anthony,Norman,Anthony,A. N.,Grayndler,NSW,ALP,Male,(02) 6277 7700,(02) 6273 4100,334A Marrickville Road,,Marrickville,NSW,2204,(02) 9564 3588,(02) 9564 1734,,PO Box 5100,Marrickville,NSW,2204,,,,,,Prime Minister
Hon Dr,Dr,MP,Aly,Anne,,Anne,A.,Cowan,WA,ALP,Female,(02) 6277 7630,,"Tenancy 3, Level 1",31 Cedric Street,Stirling,WA,6021,(08) 9409 4517,,,PO Box 219,Kingsway,WA,6065,,,,,,"Minister for Early Childhood Education Minister for Youth"
Dr,Dr,MP,Ananda-Rajah,Michelle,,Michelle,M.,Higgins,VIC,ALP,Female,(02) 6277 4581,,Unit 1 1343,Malvern Road,Malvern,VIC,3144,(03) 9822 4422,,,,,,,,,,,,
Hon,Mrs,MP,Andrews,Karen,Lesley,Karen,Karen,McPherson,QLD,LNP,Female,(02) 6277 4056,,Ground Floor The Point 47 Watts Drive,,Varsity Lakes,QLD,4227,(07) 5580 9111,(07) 5580 9700,,PO Box 409,Varsity Lakes,QLD,4227,,,,,,
Mrs,Mrs,MP,Archer,Bridget,Kathleen,Bridget,B. K.,Bass,TAS,LP,Female,(02) 6277 4464,,100 St John Street ,,Launceston,TAS,7250,(03) 6334 7033,(03) 6334 7055,,PO Box 5035,Launceston,TAS,7250,,,,,,
Mr,Mr,MP,Bandt,Adam,Paul,,A. P.,Melbourne,VIC,AG,Male,(02) 6277 4914,,142 Johnston Street,,Fitzroy,VIC,3065,(03) 9417 0772,,,PO Box 1063,Collingwood,VIC,3066,,,,,Leader of the Australian Greens,
Mr,Mr,MP,Bates,Stephen,James,Stephen,S. J.,Brisbane,QLD,AG,Male,(02) 6277 2168,,349 Sandgate Road,,Albion,QLD,4010,(07) 3862 4044,,,PO Box 143,Albion DC,QLD,4010,,,,,,
Ms,Ms,MP,Bell,Angie,Marion,Angie,A. M,Moncrieff,QLD,LNP,Female,(02) 6277 4390,,65-67 Thomas Drive,,Chevron Island ,QLD,4217,(07) 5504 6000,,,PO Box 4922,Gold Coast MC,QLD,9726,,,,,,
Mr,Mr,MP,Birrell,Sam,James,Sam,S. J.,Nicholls,VIC,NATS,Male,(02) 6277 2130,,426 Wyndham Street,,Shepparton,VIC,3630,(03) 5821 5371,,,PO Box 884,Shepparton,VIC,3632,,,,,Deputy Nationals Whip,
Hon,Mr,MP,Bowen,Christopher,Eyles,Chris,C. E.,McMahon,NSW,ALP,Male,(02) 6277 7120,,Shops 3 & 4,398 Hamilton Road,Fairfield,NSW,2165,(02) 9604 0710,(02) 9609 3873,,PO Box W210,Fairfield West,NSW,2165,,,,,,Minister for Climate Change and Energy
Mr,Mr,MP,Boyce,Colin,Einar,Colin,C. E.,Flynn,QLD,LNP,Male,(02) 6277 2115,,76 Goondoon Street,,Gladstone,QLD,4680,(07) 4972 5465,,,,,,,,,,,,
Mr,Mr,MP,Broadbent,Russell,Evan,Russell,R. E.,Monash,VIC,LP,Male,(02) 6277 4233,,46C Albert Street,,Warragul,VIC,3820,(03) 5623 2064,(03) 5623 2509,,46C Albert Street,Warragul,VIC,3820,,,,,,
Hon,Mr,MP,Buchholz,Scott,,,S.,Wright,QLD,LNP,Male,(02) 6277 4144,,21 William Street,,Beaudesert,QLD,4285,(07) 5541 0150,(07) 5541 4150,,PO Box 628,Beaudesert,QLD,4285,,,,,,
Hon,Mr,MP,Burke,Anthony,Stephen,Tony,A. S.,Watson,NSW,ALP,Male,(02) 6277 7320,,"Shop 29, Broadway Plaza",,Punchbowl,NSW,2196,(02) 9750 9088,(02) 9759 2859,,PO Box 156,Punchbowl,NSW,2196,,,,,Leader of the House,"Minister for Employment and Workplace Relations Minister for the Arts"
Mr,Mr,MP,Burnell,Matt,Paul,Matt,M. P.,Spence,SA,ALP,Male,(02) 6277 4495,,"Tenancy 8, 2-10 James Street",,Salisbury,SA,5108,(08) 8258 6300,,,,,,,,,,,,
Hon,Ms,MP,Burney,Linda,Jean,,L. J.,Barton,NSW,ALP,Female,(02) 6277 7780,,"Suite 203/13A, Montgomery Street",,Kogarah,NSW,2217,(02) 9587 1555,(02) 9587 1544,,"Suite 203/13A, Montgomery Street",Kogarah,NSW,2217,,,,,,Minister for Indigenous Australians
Mr,Mr,MP,Burns,Josh,,Josh,J.,Macnamara,VIC,ALP,Male,(02) 6277 4479,,219 Barkly Street,,St Kilda,VIC,3182,(03) 9534 8126,,,219 Barkly Street,St Kilda,VIC,3182,,,,,,
Hon,Mr,MP,Butler,Mark,Christopher,,M. C.,Hindmarsh,SA,ALP,Male,(02) 6277 7220,,21 Commercial Road,,Port Adelaide,SA,5015,(08) 8241 0190,,,PO Box 2038,Port Adelaide,SA,5015,,,,,Deputy Leader of the House,Minister for Health and Aged Care
Ms,Ms,MP,Byrnes,Alison,Joy,Alison,A. J.,Cunningham,NSW,ALP,Female,(02) 6277 4532,,74 Crown Street,,Wollongong,NSW,2500,(02) 4228 5899,,,,,,,,,,,,
Hon Dr,Dr,MP,Chalmers,James,Edward,Jim,J. E.,Rankin,QLD,ALP,Male,(02) 6277 7340,,"Unit 2A, Logan Central Plaza",38-74 Wembley Road,Logan Central,QLD,4114,(07) 3299 5910,(07) 3208 8744,,PO Box 349,Woodridge,QLD,4114,,,,,,Treasurer
Mr,Mr,MP,Chandler-Mather,Max,,Max,M.,Griffith,QLD,AG,Male,(02) 6277 2150,,Unit 14,76 Old Cleveland Road,Greenslopes,QLD,4120,(07) 3397 1674,,,PO Box 737,Coorparoo,QLD,4151,,,,,,
Ms,Ms,MP,Chaney,Kate,Ella,Kate,K. E.,Curtin,WA,IND,Female,(02) 6277 4655,,Shop 98 Floreat Forum Shopping Centre,5 Howtree Place,Floreat,WA,6014,(08) 9388 0288,,,PO Box 186,Floreat,WA,6014,,,,,,
Dr,Dr,MP,Charlton,Andrew,Henry George,Andrew,A. H. G.,Parramatta,NSW,ALP,Male,(02) 6277 4635,,"Shops 1 & 2, 25 Smith St",,Parramatta,NSW,2150,(02) 9689 1455,,,PO Box 395,Parramatta,NSW,2124,,,,,,
Hon,Mr,MP,Chester,Darren,Jeffrey,Darren,D. J.,Gippsland,VIC,NATS,Male,(02) 6277 4728,,"Level 1, 89 Raymond Street",,Sale,VIC,3850,(03) 5144 6744,(03) 5144 3945,,PO Box 486,Sale,VIC,3853,,,,,,
Ms,Ms,MP,Chesters,Lisa,Marie,Lisa,L. M.,Bendigo,VIC,ALP,Female,(02) 6277 4657,,Cnr. Williamson & Myers Streets,,Bendigo,VIC,3550,(03) 5443 9055,(03) 5443 9736,,PO Box 338,Bendigo,VIC,3550,,,,,,
Hon,Mr,MP,Clare,Jason,Dean,,J. D.,Blaxland,NSW,ALP,Male,(02) 6277 7350,,"Suite 7 Level 1, 400 Chapel Road",,Bankstown,NSW,2200,(02) 9790 2466,,,PO Box 153,Bankstown,NSW,1885,,,,,,Minister for Education
Ms,Ms,MP,Claydon,Sharon,Catherine,Sharon,S. C.,Newcastle,NSW,ALP,Female,(02) 6277 4285,,427 Hunter Street,,Newcastle,NSW,2300,(02) 4926 1555,(02) 4926 1895,,427 Hunter Street,Newcastle,NSW,2300,,,,,Deputy Speaker,
Ms,Ms,MP,Coker,Elizabeth,Ann,Libby,E. A.,Corangamite,VIC,ALP,Female,(02) 6277 4363,,26/500-540 Torquay Road,,Armstrong Creek,VIC,3217,(03) 5261 7683,,,26/500-540 Torquay Road,Armstrong Creek,VIC,3217,,,,,,
Hon,Mr,MP,Coleman,David,Bernard,David,D. B.,Banks,NSW,LP,Male,(02) 6277 4501,,22 Revesby Place,,Revesby,NSW,2212,(02) 9771 3400,(02) 9773 4144,,PO Box 564,Revesby,NSW,2212,,,,,,
Hon,Ms,MP,Collins,Julie,Maree,,J. M.,Franklin,TAS,ALP,Female,(02) 6277 7610,,18 Ross Avenue,,Rosny Park,TAS,7018,(03) 6244 1222,,,PO Box 38,Rosny Park,TAS,7018,,,,,,"Minister for Housing Minister for Homelessness Minister for Small Business"
Mr,Mr,MP,Conaghan,Patrick,John,Pat,P. J.,Cowper,NSW,NATS,Male,(02) 6277 4446,,"Level 4, 41-47 Horton Street",,Port Macquarie,NSW,2444,(02) 6583 8387,,,"PO Box 345, Palm Court Centre",Port Macquarie,NSW,2444,,,,,,
Hon,Mr,MP,Conroy,Patrick,Martin,Pat,P. M.,Shortland,NSW,ALP,Male,(02) 6277 7840,,Suite 1A,571 Pacific Highway,Belmont,NSW,2280,(02) 4947 9546,(02) 4945 3764,,PO Box 499,Belmont,NSW,2280,,,,,,"Minister for Defence Industry Minister for International Development and the Pacific"
Hon,Mr,MP,Coulton,Mark,Maclean,,M. M.,Parkes,NSW,NATS,Male,(02) 6277 4068,,"Shop 3, 153 Brisbane Street",,Dubbo,NSW,2830,(02) 6882 0999,(02) 6882 9935,,"Shop 3, 153 Brisbane Street",Dubbo,NSW,2830,,,,,Chief Nationals Whip,
Ms,Ms,MP,Daniel,Zoe,,Zoe,Z.,Goldstein,VIC,IND,Female,(02) 6277 4664,,677 Nepean Highway,,Brighton East,VIC,3187,(03) 9557 4644,,,,,,,,,,,,
Hon,Mr,MP,Dick,Dugald,Milton,Milton,M. D.,Oxley,QLD,ALP,Male,(02) 6277 4000,,255 Forest Lake Boulevard,,Forest Lake,QLD,4078,(07) 3879 6440,(07) 3879 6441,,PO Box 4042,Forest Lake,QLD,4078,,,,,Speaker,
Hon,Mr,QC MP,Dreyfus,Mark,Alfred,Mark,M. A.,Isaacs,VIC,ALP,Male,(02) 6277 7300,,566 Main Street,,Mordialloc,VIC,3195,(03) 9580 4651,,,566 Main Street,Mordialloc,VIC,3195,,,,,,"Attorney-General Cabinet Secretary"
Hon,Mr,MP,Dutton,Peter,Craig,,P. C.,Dickson,QLD,LNP,Male,(02) 6277 4022,,3/199 Gympie Road,,Strathpine,QLD,4500,(07) 3205 9977,(07) 3205 5111,,PO Box 2012,Strathpine,QLD,4500,,,,,Leader of the Opposition,
Hon,Mrs,MP,Elliot,Maria,Justine,Justine,M. J.,Richmond,NSW,ALP,Female,(02) 6277 4554,,"Suite 6, Hallmark Centre, 107-111 Minjungbal Drive",,Tweed Heads South,NSW,2486,(07) 5523 4371,(07) 5523 4379,,PO Box 6996,Tweed Heads South,NSW,2486,,,,,,"Assistant Minister for Social Services Assistant Minister for the Prevention of Family Violence"
Hon,Mr,MP,Entsch,Warren,George,Warren,W. G.,Leichhardt,QLD,LNP,Male,(02) 6277 4803,,"Units 3 & 4, 200 Mulgrave Road",Westcourt,Cairns,QLD,4870,(07) 4051 2220,(07) 4031 1592,,PO Box 14,Bungalow,QLD,4870,,,,,,
Ms,Ms,MP,Fernando,Cassandra,Juanita,Cassandra,C. J.,Holt,VIC,ALP,Female,(02) 6277 4706,,"Shop 7, 1060 Thompsons Road",,Cranbourne West,VIC,3977,(03) 8790 0556,,,,,,,,,,,,
Hon,Mr,MP,Fletcher,Paul,William,Paul,P. W.,Bradfield,NSW,LP,Male,(02) 6277 4099,,"Suite 1, Level 2",280 Pacific Highway,Lindfield,NSW,2070,(02) 9465 3950,,,"Suite 1, Level 2,",Lindfield,NSW,2070,,,,,Manager of Opposition Business,
Dr,Dr,MP,Freelander,Michael,Randolph,Mike,M. R.,Macarthur,NSW,ALP,Male,(02) 6277 2311,,37 Queen Street,,Campbelltown,NSW,2560,(02) 4620 0293,(02) 4620 4414,,PO Box 88,Campbelltown,NSW,2560,,,,,,
Dr,Dr,MP,Garland,Carina,Mary Lindsay,Carina,C. M. L.,Chisholm,VIC,ALP,Female,(02) 6277 4713,,"Level 1, 140 Burwood Highway",,Burwood,VIC,3125,(03) 9808 3188,,,PO Box  102,Burwood,VIC,3125,,,,,,
Hon,Mr,MP,Gee,Andrew,Robert,Andrew,A. R.,Calare,NSW,NATS,Male,(02) 6277 4139,,Suite  1/179A Anson Street,,Orange,NSW,2800,(02) 6361 7138,(02) 6362 3480,,PO Box 673,Orange,NSW,2800,,,,,,
Mr,Mr,MP,Georganas,Steven,,Steve,S.,Adelaide,SA,ALP,Male,(02) 6277 4816,,161 Main North Road,,Nailsworth,SA,5083,(08) 8269 2433,(08) 8269 2488,,161 Main North Road,Nailsworth,SA,5083,,,,,,
Hon,Mr,MP,Giles,Andrew,James,Andrew,A. J.,Scullin,VIC,ALP,Male,(02) 6277 7770,,Shop 23-25,314-360 Childs Rd,Mill Park,VIC,3082,(03) 9404 1911,,,PO Box 167,Mill Park LPO,VIC,3082,,,,,,"Minister for Immigration, Citizenship and Multicultural Affairs"
Hon Dr,Dr,MP,Gillespie,David,Arthur,David,D. A.,Lyne,NSW,NATS,Male,(02) 6277 4172,,Shops 2 & 3,43 High Street,Wauchope,NSW,2446,(02) 6586 4462,(02) 6586 0934,,PO Box 244,Wauchope,NSW,2446,,,,,,
Mr,Mr,MP,Goodenough,Ian,Reginald,Ian,I. R.,Moore,WA,LP,Male,(02) 6277 4651,,"Suite 6, 129 Grand Boulevard",,Joondalup,WA,6027,(08) 9300 2244,(08) 9300 2245,,"Suite 6, 129 Grand Boulevard",Joondalup,WA,6027,,,,,Second Deputy Speaker,
Hon,Mr,MP,Gorman,Patrick,Possum,Patrick,P. P.,Perth,WA,ALP,Male,(02) 6277 4995,,953A Beaufort Street,,Inglewood,WA,6052,(08) 9272 3411,,,PO Box 901,Inglewood,WA,6932,,,,,,Assistant Minister to the Prime Minister
Mr,Mr,OAM MP,Gosling,Luke,John,Luke,L. J.,Solomon,NT,ALP,Male,(02) 6277 4933,,3/266 Trower Road,,Casuarina,NT,810,(08) 8928 0180,,,PO Box 43300,Casuarina,NT,810,,,,,,
Dr,Dr,MP,Haines,Helen,Mary,Helen,H. M,Indi,VIC,IND,Female,(02) 6277 4182,,117 Murphy Street,,Wangaratta,VIC,3677,(03) 5721 7077,,,117 Murphy Street,Wangaratta,VIC,3677,,,,,,
Mr,Mr,MP,Hamilton,Garth,Russell,Garth,G.,Groom,QLD,LNP,Male,(02) 6277 4630,,Ground Floor,516 Ruthven Street,Toowoomba,QLD,4350,(07) 4632 4144,,,PO Box 777,Toowoomba BC,QLD,4350,,,,,,
Hon,Mr,MP,Hastie,Andrew,William,Andrew,A. W.,Canning,WA,LP,Male,(02) 6277 4223,,Unit 2,61 Sutton Street,Mandurah,WA,6210,(08) 9534 8044,,,PO Box 968,Mandurah,WA,6210,,,,,,
Hon,Mr,MP,Hawke,Alexander,George,Alex,A. G.,Mitchell,NSW,LP,Male,(02) 6277 4202,,Suite 8,23 Terminus Street,Castle Hill,NSW,2154,(02) 9899 7211,,,PO Box 1173,Castle Hill,NSW,1765,,,,,,
Mr,Mr,MP,Hill,Julian,Christopher,Julian,J. C.,Bruce,VIC,ALP,Male,(02) 6277 2174,,45 Robinson Street,,Dandenong,VIC,3175,(03) 9791 7770,,,45 Robinson Street,Dandenong,VIC,3175,,,,,,
Hon,Mr,MP,Hogan,Kevin,John,Kevin,K. J.,Page,NSW,NATS,Male,(02) 6277 4746,,63 Molesworth Street,,Lismore,NSW,2480,(02) 6621 4044,(02) 6621 4255,,63 Molesworth Street,Lismore,NSW,2480,,,,,Deputy Manager of Opposition Business,
Hon,Mr,MP,Howarth,Luke,Ronald,Luke,L. R.,Petrie,QLD,LNP,Male,(02) 6277 4018,,40 Hornibrook Esplanade,,Clontarf,QLD,4019,(07) 3284 8008,(07) 3284 8002,,PO Box 321,Clontarf,QLD,4019,,,,,,
Hon,Mr,MP,Husic,Edham,Nurredin,Ed,E. N.,Chifley,NSW,ALP,Male,(02) 6277 7070,,"Shop 41, Plumpton Marketplace",Cnr Hyatts and Jersey Road,Plumpton,NSW,2761,(02) 9625 4344,(02) 9832 2641,,PO Box 589,Plumpton,NSW,2761,,,,,,Minister for Industry and Science
Hon,Mr,MP,Jones,Stephen,Patrick,Stephen,S. P.,Whitlam,NSW,ALP,Male,(02) 6277 7230,,Shop 244,Stockland Shellharbour,Shellharbour City Centre,NSW,2529,(02) 4297 2285,,,PO Box 264,Shellharbour City Centre,NSW,2529,,,,,,"Assistant Treasurer Minister for Financial Services"
Hon,Mr,MP,Joyce,Barnaby,Thomas Gerard,Barnaby,B. T. G.,New England,NSW,NATS,Male,(02) 6277 4214,,Suite 17,454-456 Peel Street,Tamworth,NSW,2340,(02) 6761 3080,,,PO Box 963,Tamworth,NSW,2340,,,,,,
Hon,Mr,MP,Katter,Robert,Carl,Bob,R. C.,Kennedy,QLD,KAP,Male,(02) 6277 4978,,Corner Edith and Owen Streets,,Innisfail,QLD,4860,(07) 4061 6066,(07) 4061 6566,,PO Box 1638,Innisfail,QLD,4860,,,,,,
Hon,Ms,MP,Kearney,Gerardine,Mary,Ged,G. M.,Cooper,VIC,ALP,Female,(02) 6277 4152,,159 High Street,,Preston,VIC,3072,(03) 9416 8690,,,159 High Street,Preston,VIC,3072,,,,,,Assistant Minister for Health and Aged Care
Hon,Mr,MP,Keogh,Matt,James,Matt,M. J.,Burt,WA,ALP,Male,(02) 6277 7820,,"Unit 2, 2808 Albany Highway",,Kelmscott,WA,6111,(08) 9390 0180,(08) 9390 0201,,PO Box 465,Kelmscott,WA,6991,,,,,,"Minister for Veterans' Affairs Minister for Defence Personnel"
Mr,Mr,MP,Khalil,Peter,,Peter,P.,Wills,VIC,ALP,Male,(02) 6277 4857,,1/240 Sydney Road,,Coburg,VIC,3058,(03) 9350 5777,,,1/240 Sydney Road,Coburg,VIC,3058,,,,,,
Hon,Ms,MP,King,Catherine,Fiona,,C. F.,Ballarat,VIC,ALP,Female,(02) 6277 7520,,5 Lydiard Street North,,Ballarat,VIC,3350,(03) 5338 8123,,,PO Box 719,Ballarat,VIC,3353,,,,,,"Minister for Infrastructure, Transport, Regional Development and Local Government"
Hon,Ms,MP,King,Madeleine,Mary Harvie,Madeleine,M. M. H.,Brand,WA,ALP,Female,(02) 6277 7930,,"Units 4 and 5, 95 Chalgrove Ave",,Rockingham,WA,6168,(08) 9527 9377,,,PO Box 5062,Rockingham Beach,WA,6969,,,,,,"Minister for Resources Minister for Northern Australia"
Hon,Ms,MP,Landry,Michelle,Leanne,Michelle,M. L.,Capricornia,QLD,LNP,Female,(02) 6277 4283,,3/71-73 Denham Street,,Rockhampton,QLD,4700,(07) 4922 6604,(07) 4922 6607,,PO Box 1919,Rockhampton,QLD,4700,,,,,,
Ms,Ms,MP,Lawrence,Tania,Natalie,Tania,T. N.,Hasluck,WA,ALP,Female,(02) 6277 4761,,"Unit 3, 28 Main Street",,Ellenbrook,WA,6069,(08) 6245 3340,,,"Unit 3, 28 Main Street",Ellenbrook,WA,6069,,,,,,
Mr,Mr,MP,Laxale,Jerome,Alexandre Alain,Jerome,J. A. A.,Bennelong,NSW,ALP,Male,(02) 6277 4847,,32 Beecroft Road,,Epping,NSW,2121,(02) 9869 4288,,,PO Box 872,Epping,NSW,2121,,,,,,
Ms,Ms,MP,Le,Dai,Trang,Dai,D. T.,Fowler,NSW,IND,Female,(02) 6277 4719,,Level 2,24-32 Hughes Street,Cabramatta,NSW,2166,(02) 9726 3988,,,PO Box 205,Cabramatta,NSW,2166,,,,,,
Mr,Mr,MP,Leeser,Julian,,Julian,J.,Berowra,NSW,LP,Male,(02) 6277 4826,,"Level 11, 423 Pennant Hills Road",,Pennant Hills,NSW,2120,(02) 9980 1822,(02) 9980 1833,,PO Box 743,Pennant Hills,NSW,1715,,,,,,
Hon Dr,Dr,MP,Leigh,Andrew,Keith,,A. K.,Fenner,ACT,ALP,Male,(02) 6277 4140,,Cnr Gungahlin Pl & Efkarpidis St,,Gungahlin,ACT,2912,(02) 6247 4396,(02) 6247 3457,,Cnr Gungahlin Pl & Efkarpidis St,Gungahlin,ACT,2912,,,,,,"Assistant Minister for Competition, Charities and Treasury"
Hon,Ms,MP,Ley,Sussan,Penelope,,S. P.,Farrer,NSW,LP,Female,(02) 6277 4225,,517 Kiewa Street,,Albury,NSW,2640,(02) 6021 3264,,1300 303 203,PO Box 672,Albury,NSW,2640,,,,,Deputy Leader of the Opposition,
Mr,Mr,MP,Lim,Sam,Bon Cheng,Sam,S. B. C.,Tangney,WA,ALP,Male,(02) 6277 4723,,6 Aveley Street,,Willetton,WA,6155,(08) 9354 9633,,,PO Box 329,Willetton,WA,6155,,,,,,
Hon,Mr,MP,Littleproud,David,,David,D.,Maranoa,QLD,LNP,Male,(02) 6277 4231,,"T40-42, Dalby Shopping World",17-67 Cunningham Street,Dalby,QLD,4405,(07) 4662 2715,,,PO Box 641,DALBY,QLD,4405,,,,,Leader of the Nationals,
Hon,Mrs,MP,Marino,Nola,Bethwyn,,N. B.,Forrest,WA,LP,Female,(02) 6277 4293,,Units 7 & 8 Grand Cinemas Complex,Corner of Victoria and Clifton Streets,Bunbury,WA,6230,(08) 9721 3788,(08) 9721 4911,,PO Box 2028,Bunbury,WA,6231,,,,,,
Hon,Mr,MP,Marles,Richard,Donald,,R. D.,Corio,VIC,ALP,Male,(02) 6277 7800,,17A Yarra Street,,Geelong,VIC,3220,(03) 5221 3033,(03) 5222 4505,,17A Yarra Street ,Geelong,VIC,3220,,,,,,"Deputy Prime Minister Minister for Defence"
Ms,Ms,MP,Mascarenhas,Zaneta,Felice Antoinetta,Zaneta,Z. F. A.,Swan,WA,ALP,Female,(02) 6277 4850,,"G3, 59 Albany Highway",,Victoria Park,WA,6101,(08) 9355 0099,,,PO Box 1060,Victoria Park,WA,6981,,,,,,
Hon,Ms,MP,McBain,Kristy,Louise,Kristy,K. L.,Eden-Monaro,NSW,ALP,Female,(02) 6277 7060,,1/21-25 Monaro Street,,Queanbeyan,NSW,2620,(02) 6284 2442,,,PO Box 214,Queanbeyan,NSW,2620,,,,,,"Minister for Regional Development, Local Government and Territories"
Hon,Ms,MP,McBride,Emma,Margaret,Emma,E. M.,Dobell,NSW,ALP,Female,(02) 6277 4515,,"Suite 204, Level 2 Mariners Centre of Excellence",1 Bryant Drive,Tuggerah,NSW,2259,(02) 4353 0127,(02) 4353 0248,,PO Box 3763,Tuggerah,NSW,2259,,,,,,"Assistant Minister for Mental Health and Suicide Prevention Assistant Minister for Rural and Regional Health"
Hon,Mr,MP,McCormack,Michael,Francis,Michael,M. F.,Riverina,NSW,NATS,Male,(02) 6277 4054,,Suite 2,11-15 Fitzmaurice Street,Wagga Wagga,NSW,2650,(02) 6921 4600,,,"Suite 2, 11-15 Fitzmaurice Street",Wagga Wagga,NSW,2650,,,,,,
Mrs,Mrs,MP,McIntosh,Melissa,Iris,Melissa,M. I.,Lindsay,NSW,LP,Female,(02) 6277 4492,,Ground Floor,331 High Street,Penrith,NSW,2750,(02) 4722 0600,,,PO Box 712,Penrith,NSW,2750,,,,,,
Ms,Ms,MP,McKenzie,Zoe,Anne,Zoe,Z. A.,Flinders,VIC,LP,Female,(02) 6277 4866,,1/49 Eramosa Road West,,Somerville,VIC,3912,(03) 5977 9082,,,PO Box 647,Somerville,VIC,3912,,,,,,
Ms,Ms,MP,Miller-Frost,Louise,Jane,Louise,L. J.,Boothby,SA,ALP,Female,(02) 6277 2116,,"Shop 2, 670 ANZAC Highway",,Glenelg,SA,5045,(08) 8374 0511,,,PO Box 570,Glenelg,SA,5045,,,,,,
Mr,Mr,MP,Mitchell,Brian,Keith,Brian,B. K.,Lyons,TAS,ALP,Male,(02) 6277 4270,,"Suite 105, Green Point Plaza",,Bridgewater,TAS,7030,(03) 6263 3721,,,PO Box 61,Bridgewater,TAS,7030,,,,,,
Mr,Mr,MP,Mitchell,Robert,George,Rob,R. G.,McEwen,VIC,ALP,Male,(02) 6277 4117,,57-59 High Street,,Wallan,VIC,3756,(03) 5716 3000,,1300 701 966,PO Box 380,Wallan,VIC,3756,,,,,,
Hon,Mr,MP,Morrison,Scott,John,Scott,S. J.,Cook,NSW,LP,Male,(02) 6277 4237,,"Suite 102, Level 1",30 The Kingsway,Cronulla,NSW,2230,(02) 9523 0339,,,PO Box 1306,Cronulla,NSW,2230,,,,,,
Dr,Dr,MP,Mulino,Daniel,,Daniel,D. ,Fraser,VIC,ALP,Male,(02) 6277 4311,,Shop M0004 80 Taylors Road,,Keilor Downs,VIC,3038,(03) 9070 1974,,,Shop M0004 80 Taylors Road,Keilor Downs,VIC,3038,,,,,,
Ms,Ms,MP,Murphy,Peta,Jan,Peta,P. J.,Dunkley,VIC,ALP,Female,(02) 6277 4370,,37 Playne Street,,Frankston,VIC,3199,(03) 9781 2333,,,37 Playne Street,Frankston,VIC,3199,,,,,,
Hon,Mr,MP,Neumann,Shayne,Kenneth,,S. K.,Blair,QLD,ALP,Male,(02) 6277 4755,,"Level 1, The Tarpaulin Building",2 The Terrace,North Ipswich,QLD,4305,(07) 3201 5300,,,PO Box 2579,North Ipswich LPO,QLD,4305,,,,,,
Mr,Mr,MP,O'Brien,Edward,Lynam,Ted,E. L.,Fairfax,QLD,LNP,Male,(02) 6277 4130,,17 Southern Drive,,Maroochydore,QLD,4558,(07) 5479 2800,(07) 5443 5333,,PO Box 1978,Sunshine Plaza,QLD,4558,,,,,,
Mr,Mr,MP,O'Brien,Llewellyn,Stephen,Llew,L. S.,Wide Bay,QLD,LNP,Male,(02) 6277 2301,,319 Kent Street,,Maryborough,QLD,4650,(07) 4121 2936,,,PO Box 283,Maryborough,QLD,4650,,,,,,
Hon,Mr,MP,O'Connor,Brendan,Patrick John,,B. P. J.,Gorton,VIC,ALP,Male,(02) 6277 7430,,"Shop 3, 11 Commercial Road",,Caroline Springs,VIC,3023,(03) 8390 6166,,,"Shop 3, 11 Commercial Road",Caroline Springs,VIC,3023,,,,,,Minister for Skills and Training
Hon,Ms,MP,O'Neil,Clare,Ellen,,C. E.,Hotham,VIC,ALP,Female,(02) 6277 7860,,401 Clayton Road,,Clayton,VIC,3168,(03) 9545 6211,(03) 9545 6299,,PO Box 5295,Clayton,VIC,3168,,,,,,"Minister for Home Affairs Minister for Cyber Security"
Mr,Mr,MP,Pasin,Antony,,Tony,A.,Barker,SA,LP,Male,(02) 6277 4864,,27 Commercial Street,,Mt Gambier,SA,5290,(08) 8724 7730,(08) 8723 2230,1300 723 935,27 Commercial Street,Mt Gambier,SA,5290,,,,,,
Ms,Ms,MP,Payne,Alicia,Emma,Alicia,A. E.,Canberra,ACT,ALP,Female,(02) 6277 4168,,221 London Circuit,,Canberra,ACT,2601,(02) 6247 8475,,,221 London Circuit,Canberra,ACT,2601,,,,,,
Mr,Mr,MP,Pearce,Gavin,Bruce,Gavin,G. B.,Braddon,TAS,LP,Male,(02) 6277 4432,,2/32 Wilmot Street,,Burnie,TAS,7320,(03) 6431 1333,,,PO Box 908,Burnie,TAS,7320,,,,,,
Mr,Mr,MP,Perrett,Graham,Douglas,,G. D.,Moreton,QLD,ALP,Male,(02) 6277 4542,,"Suite 106, Sunnybank Times Square",250 McCullough Street,Sunnybank,QLD,4109,(07) 3344 2622,(07) 3344 4276,,"PO Box 419, Sunnybank Plaza",Sunnybank,QLD,4109,,,,,,
Mrs,Mrs,MP,Phillips,Fiona,Evon,Fiona,F. E.,Gilmore,NSW,ALP,Female,(02) 6277 4372,,Unit 3,59 Junction Street,Nowra,NSW,2541,(02) 4423 1782,,,PO Box 1009,Nowra,NSW,2541,,,,,,
Mr,Mr,MP,Pike,Henry,Jon,Henry,H. J.,Bowman,QLD,LNP,Male,(02) 6277 4874,,10/32 Middle Street,,Cleveland,QLD,4163,(07) 3821 0155,,,,,,,,,,,,
Hon,Mr,MP,Pitt,Keith,John,Keith,K. J.,Hinkler,QLD,LNP,Male,(02) 6277 4243,,41 Woongarra Street,,Bundaberg,QLD,4670,(07) 4152 0744,(07) 4153 1752,,PO Box 535,Bundaberg,QLD,4670,,,,,,
Hon,Ms,MP,Plibersek,Tanya,Joan,,T. J.,Sydney,NSW,ALP,Female,(02) 6277 7920,,1a Great Buckingham Street (cnr. Cleveland Street),Redfern,Sydney,NSW,2016,(02) 9379 0700,(02) 9379 0701,,PO Box  2676,Strawberry Hills,NSW,2012,,,,,,Minister for the Environment and Water
Hon,Ms,MP,Price,Melissa,Lee,,M. L.,Durack,WA,LP,Female,(02) 6277 4315,,2B/209 Foreshore Drive,,Geraldton,WA,6530,(08) 9964 2195,(08) 9921 7990,,2B/209 Foreshore Drive,Geraldton,WA,6530,,,,,Opposition Whip,
Mr,Mr,MP,Rae,Sam,Thomas,Sam,S. T.,Hawke,VIC,ALP,Male,(02) 6277 4924,,,,,,,,,,,,,,,,,,,
Mr,Mr,MP,Ramsey,Rowan,Eric,,R. E.,Grey,SA,LP,Male,(02) 6277 4967,,104 Ellen St,,Port Pirie,SA,5540,(08) 8633 1744,(08) 8633 1749,1300 301 742,PO Box 296,Port Pirie,SA,5540,,,,,Opposition Whip,
Dr,Dr,MP,Reid,Gordon,James,Gordon,G. J.,Robertson,NSW,ALP,Male,(02) 6277 4901,,Suite 3.04 & 3.05,"Level 3, 69 Central Coast Highway",West Gosford,NSW,2250,(02) 4322 2400,,,,,,,,,,,,
Mr,Mr,MP,Repacholi,Daniel,Peter,Dan,D. P.,Hunter,NSW,ALP,Male,(02) 6277 4930,,3 Edward Street,,Cessnock,NSW,2325,(02) 4991 1022,,,PO Box 526,Cessnock,NSW,2325,,,,,,
Hon,Ms,MP,Rishworth,Amanda,Louise,,A. L.,Kingston,SA,ALP,Female,(02) 6277 7560,,232 Main South Road,,Morphett Vale,SA,5162,(08) 8186 2588,(08) 8186 2688,1300 797 211,232 Main South Road ,Morphett Vale,SA,5162,,,,,,Minister for Social Services
Ms,Ms,MP,Roberts,Tracey,Gardner,Tracey,T. G.,Pearce,WA,ALP,Female,(02) 6277 4921,,"Shop 3, Kingsway City Shopping Centre",168 Wanneroo Road,Madeley,WA,6065,(08) 6500 6499,,,,,,,,,,,,
Hon,Mr,MP,Robert,Stuart,Rowland,,S. R.,Fadden,QLD,LNP,Male,(02) 6277 4347,,"Unit 1, 110 Brisbane Road",,Labrador,QLD,4215,(07) 5500 5919,(07) 5500 5484,,PO Box 733,Biggera Waters,QLD,4216,,,,,,
Hon,Ms,MP,Rowland,Michelle,Anne,Michelle,M. A.,Greenway,NSW,ALP,Female,(02) 6277 7480,,Suite 101C,130 Main Street,Blacktown,NSW,2148,(02) 9671 4780,(02) 9671 5147,,PO Box 8525,Blacktown,NSW,2148,,,,,,Minister for Communications
Ms,Ms,MP,Ryan,Joanne,Catherine,Joanne,J. C.,Lalor,VIC,ALP,Female,(02) 6277 4083,,Tenancies 3 & 4,203-205 Watton Street,Werribee,VIC,3030,(03) 9742 5800,(03) 9741 6213,,"Tenancies 3 & 4, 203-205 Watton Street",Werribee,VIC,3030,,,,,Chief Government Whip,
Dr,Dr,MP,Ryan,Monique,Marie,Monique,M. M.,Kooyong,VIC,IND,Female,(02) 6277 4915,,145 Camberwell Road,,Hawthorn East,VIC,3123,(03) 9326 2900,,,PO Box 1227,Camberwell,VIC,3124,,,,,,
Dr,Dr,MP,Scamps,Sophie,Anna,Sophie,S. A.,Mackellar,NSW,IND,Female,(02) 6277 4936,,"Shop 1&2, 1238-1246 Pittwater Road",,Narrabeen,NSW,2101,(02) 9913 9566,,,,,,,,,,,,
Ms,Ms,MP,Scrymgour,Marion,Rose,Marion,M. R.,Lingiari,NT,ALP,Female,(02) 6277 4951,,"G3A & B, 12 Gregory Terrace",,Alice Springs,NT,870,(08) 8952 9696,,,PO Box 4007,Alice Springs,NT,870,,,,,,
Ms,Ms,MP,Sharkie,Rebekha,Carina Che,Rebekha,R. C. C.,Mayo,SA,CA,Female,(02) 6277 2113,,"Shop 3, Barker Plaza Shopping Centre",22-28 Hutchinson Street,MT Barker,SA,5251,(08) 8398 5566,,,PO Box 1601,Mt Barker,SA,5251,,,,,,
Hon,Mr,MP,Shorten,William,Richard,Bill,W. R.,Maribyrnong,VIC,ALP,Male,(02) 6277 7200,,"Suite 1A, 12 Hall Street",,Moonee Ponds,VIC,3039,(03) 9326 1300,(03) 9326 0611,,PO Box 214,Moonee Ponds,VIC,3039,,,,,,"Minister for the National Disability Insurance Scheme Minister for Government Services"
Ms,Ms,MP,Sitou,Sally,,Sally,S.,Reid,NSW,ALP,Female,(02) 6277 4942,,72 Burwood Road,,Burwood,NSW,2134,(02) 9715 7444,,,PO Box 2028,Burwood North,NSW,2134,,,,,,
Mr,Mr,MP,Smith,David,Philip Benedict,David,D. P. B,Bean,ACT,ALP,Male,(02) 6277 4346,,205 Anketell Street,,Tuggeranong,ACT,2900,(02) 6293 1344,,,205 Anketell Street,Tuggeranong,ACT,2900,,,,,Government Whip,
Ms,Ms,MP,Spender,Allegra,May,Allegra,A. M.,Wentworth,NSW,IND,Female,(02) 6277 4948,,Suite 302 Level 3,179-191 New South Head Road,Edgecliff,NSW,2027,(02) 9327 3988,,,PO Box 545,Edgecliff,NSW,2027,,,,,,
Ms,Ms,MP,Stanley,Anne,Maree,Anne,A. M.,Werriwa,NSW,ALP,Female,(02) 6277 2103,,"Shop 7, 441 Hoxton Park Road",,Hinchinbrook,NSW,2168,(02) 8783 0977,(02) 9825 0244,,PO Box 88,Hoxton Park,NSW,2171,,,,,Government Whip,
Ms,Ms,MP OAM,Steggall,Zali,,Zali,Z. ,Warringah,NSW,IND,Female,(02) 6277 4373,,Level 2,17-19 Sydney Road,Manly,NSW,2095,(02) 9977 6411,,,PO Box 450,Manly,NSW,2095,,,,,,
Mr,Mr,MP,Stevens,James,,James,J. ,Sturt,SA,LP,Male,(02) 6277 4020,,"Level 1, 85 The Parade",,Norwood,SA,5067,(08) 8431 2277,,,"Level 1, 85 The Parade",Norwood,SA,5067,,,,,,
Hon,Mr,MP,Sukkar,Michael,Sven,Michael,M. S.,Deakin,VIC,LP,Male,(02) 6277 4227,,5/602 Whitehorse Road,,Mitcham,VIC,3132,(03) 9874 1711,,,PO Box 232,Mitcham,VIC,3132,,,,,,
Ms,Ms,MP,Swanson,Meryl,Jane,,M. J.,Paterson,NSW,ALP,Female,(02) 6277 4248,,35 Sturgeon Street,,Raymond Terrace,NSW,2324,(02) 4983 2401,,,PO Box 156,Raymond Terrace,NSW,2324,,,,,,
Hon,Mr,MP,Taylor,Angus,James,Angus,A. J.,Hume,NSW,LP,Male,(02) 6277 4362,,7 Montague Street,,Goulburn,NSW,2580,,,,,,,,,,,,,
Hon,Mr,MP,Tehan,Daniel,Thomas,Dan,D. T.,Wannon,VIC,LP,Male,(02) 6277 4426,,190 Gray Street,,Hamilton,VIC,3300,(03) 5572 1100,,1300 131 692,190 Gray Street ,Hamilton,VIC,3300,,,,,,
Ms,Ms,MP,Templeman,Susan,Raye,Susan,S. R.,Macquarie,NSW,ALP,Female,(02) 6277 4784,,"Ground Floor, 299 George Street",,Windsor,NSW,2756,(02) 4573 8222,(02) 4573 8396,1300 519 482,PO Box 855,Windsor,NSW,2756,,,,,,
Hon,Mr,MP,Thistlethwaite,Matthew,James,Matt,M. J.,Kingsford Smith,NSW,ALP,Male,(02) 6277 4840,,Shop 6,205 Maroubra Road,Maroubra,NSW,2035,(02) 9349 6007,(02) 9349 8089,,PO Box 895,Maroubra,NSW,2035,,,,,,"Assistant Minister for Defence Assistant Minister for Veterans’ Affairs Assistant Minister for the Republic"
Mr,Mr,OAM MP,Thompson,Phillip,,Phillip,P. ,Herbert,QLD,LNP,Male,(02) 6277 4418,,G06 Nathan Business Centre,340 Ross River Road,Cranbrook,QLD,4814,(07) 4725 2066,,,PO Box 226,Aitkenvale BC,QLD,4814,,,,,,
Ms,Ms,MP,Thwaites,Kate,Lynne,Kate,K. L.,Jagajaga,VIC,ALP,Female,(02) 6277 4305,,2/37 Burgundy Street,,Heidelberg,VIC,3084,(03) 9459 1411,,,PO Box 316,Heidelberg,VIC,3084,,,,,,
Ms,Ms,MP,Tink,Kylea,Jane,Kylea,K. J.,North Sydney,NSW,IND,Female,(02) 6277 2108,,Suite 10.01,Level 10 Elizabeth Plaza,North Sydney,NSW,2060,(02) 9929 9822,,,,,,,,,,,,
Hon,Mr,MP,Tudge,Alan,Edward,Alan,A. E.,Aston,VIC,LP,Male,(02) 6277 4392,,"Suite 4, Level 1",420 Burwood Highway,Wantirna South,VIC,3152,(03) 9887 3890,,,"Suite 4, Level 1, 420 Burwood Highway",Wantirna South,VIC,3152,,,,,,
Ms,Ms,MP,Vamvakinou,Maria,,,M.,Calwell,VIC,ALP,Female,(02) 6277 4249,,"Level 2, Office 1",14 Dimboola Road,Broadmeadows,VIC,3047,(03) 9367 5216,(03) 9367 3064,,PO Box 3218,Broadmeadows,VIC,3047,,,,,,
Mr,Mr,MP,van Manen,Albertus,Johannes,Bert,A. J.,Forde,QLD,LNP,Male,(02) 6277 4088,,"Tenancy 1001F, first floor",114-118 George Street,Beenleigh,QLD,4207,(07) 3807 6340,(07) 3807 1990,,PO Box 884,Beenleigh,QLD,4207,,,,,Chief Opposition Whip,
Mr,Mr,MP,Vasta,Ross,Xavier,Ross,R. X.,Bonner,QLD,LNP,Male,(02) 6277 4632,,69 Clara Street,,Wynnum,QLD,4178,(07) 3893 3488,(07) 3893 3422,,69 Clara Street ,Wynnum,QLD,4178,,,,,,
Mr,Mr,MP,Violi,Aaron,Anthony,Aaron,A. A.,Casey,VIC,LP,Male,(02) 6277 4968,,"Suite 11, 1 East Ridge Drive",,Chirnside Park,VIC,3116,(03) 9727 0799,,,PO Box 40,Chirnside Park,VIC,3116,,,,,,
Mr,Mr,MP,Wallace,Andrew,Bruce,Andrew,A. B.,Fisher,QLD,LNP,Male,(02) 6277 4282,,"'The Edge' Upper Level East, Unit 11",10 Lake Kawana Boulevard,Bokarina,QLD,4575,(07) 5493 5556,,,PO Box 1224,Buddina,QLD,4575,,,,,,
Ms,Ms,MP,Ware,Jennifer,Lesley,Jenny,J. L.,Hughes,NSW,LP,Female,(02) 6277 2190,,"Shop 1, 9-15 East Parade",,Sutherland,NSW,2232,(02) 9521 6262,,,PO Box 1014,Sutherland,NSW,1499,,,,,,
Ms,Ms,MP,Watson-Brown,Elizabeth,,Elizabeth,E.,Ryan,QLD,AG,Female,(02) 6277 2172,,188 Moggill Road,,Taringa,QLD,4068,(07) 3378 1599,,,PO Box 704,Indooroopilly Centre,QLD,4068,,,,,,
Hon,Mr,MP,Watts,Timothy,Graham,Tim,T. G.,Gellibrand,VIC,ALP,Male,(02) 6277 4537,,Ground Floor Units 2 & 3,455 Melbourne Road,Newport,VIC,3015,(03) 9687 7661,(03) 9687 7151,,Ground Floor Units 2 & 3,Newport,VIC,3015,,,,,,Assistant Minister for Foreign Affairs
Dr,Dr,MP,Webster,Anne,Elizabeth,Anne,A. E.,Mallee,VIC,NATS,Female,(02) 6277 4027,,1/146A Eighth Street,,Mildura,VIC,3500,(03) 5021 5987,,,PO Box 1133,Mildura,VIC,3502,,,,,,
Hon,Ms,MP,Wells,Anika,Shay,Anika,A. S.,Lilley,QLD,ALP,Female,(02) 6277 7720,,Ground floor,1176 Sandgate Road,Nundah,QLD,4012,(07) 3266 8244,,,PO Box 182,Nundah,QLD,4012,,,,,,"Minister for Aged Care Minister for Sport"
Mr,Mr,MP,Wilkie,Andrew,Damien,Andrew,A. D.,Clark,TAS,IND,Male,(02) 6277 4766,,188 Collins Street,,Hobart,TAS,7001,(03) 6234 5255,,,PO Box 32,Hobart,TAS,7001,,,,,,
Mr,Mr,MP,Willcox,Andrew,John,Andrew,A. J.,Dawson,QLD,LNP,Male,(02) 6277 2104,,"Level 2, 45",Victoria Street,Mackay,QLD,4740,(07) 4944 0662,,,PO Box 1697,Mackay,QLD,4740,,,,,,
Mr,Mr,MP,Wilson,Joshua,Hamilton,Josh,J. H.,Fremantle,WA,ALP,Male,(02) 6277 2081,,"Office 12, Level 1",135 High Street Mall,Fremantle,WA,6160,(08) 9335 8555,,,PO Box 1224,Fremantle,WA,6160,,,,,,
Mr,Mr,MP,Wilson,Richard,James,Rick,R. J.,O'Connor,WA,LP,Male,(02) 6277 4101,,345 Hannan Street,,Kalgoorlie,WA,6430,(08) 9021 2044,(08) 9021 2033,,PO Box 10415,Kalgoorlie,WA,6430,,,,,,
Mr,Mr,MP,Wolahan,Keith,,Keith,K.,Menzies,VIC,LP,Male,(02) 6277 2146,,Level 1 651-653 Doncaster Road,,Doncaster,VIC,3108,(03) 9848 9900,,,PO Box 124,Doncaster,VIC,3108,,,,,,
Hon,Mr,MP,Wood,Jason,Peter,Jason,J. P.,La Trobe,VIC,LP,Male,(02) 6277 4982,,Unit 3,16 Langmore Lane,Berwick,VIC,3806,(03) 9768 9164,,,PO Box 539,Berwick,VIC,3806,,,,,,
Mr,Mr,MP,Young,Terry,James,Terry,T. J.,Longman,QLD,LNP,Male,(02) 6277 4030,,Unit A (Level 1),69 King Street,Caboolture,QLD,4510,(07) 5432 3177,,,PO Box 42,Caboolture,QLD,4510,,,,,,
Mr,Mr,MP,Zappia,Antonio,,Tony,A.,Makin,SA,ALP,Male,(02) 6277 4147,,959 North East Road,,Modbury,SA,5092,(08) 8265 3100,(08) 8265 3900,,PO Box 775,Modbury,SA,5092,,,,,,
